Order ID,Order Date,Ship Date,Ship Mode,Customer ID,Customer Name,Segment,Country,City,State,Postal Code,Region,Product ID,Category,Sub-Category,Product Name,Sales,Quantity,Discount,Profit,,,,
CA-2014-122336,13-04-23,17-04-23,Second Class,JD-15895,Jonathan Doherty,Corporate,United States,Philadelphia,Pennsylvania,19140,East,OFF-AR-10000122,Office Supplies,Art,Newell 314,17.856,4,0.2,1.116,,,,
CA-2014-122336,13-04-23,17-04-23,Second Class,JD-15895,Jonathan Doherty,Corporate,United States,Philadelphia,Pennsylvania,19140,East,OFF-BI-10003656,Office Supplies,Binders,Fellowes PB200 Plastic Comb Binding Machine,509.97,10,0.7,-407.976,,,,
CA-2014-122336,13-04-23,17-04-23,Second Class,JD-15895,Jonathan Doherty,Corporate,United States,Philadelphia,Pennsylvania,19140,East,OFF-FA-10002780,Office Supplies,Fasteners,Staples,30.992,13,0.2,10.0724,,,,
CA-2014-122336,13-04-23,17-04-23,Second Class,JD-15895,Jonathan Doherty,Corporate,United States,Philadelphia,Pennsylvania,19140,East,TEC-PH-10000702,Technology,Phones,"Square Credit Card Reader, 4 1/2"" x 4 1/2"" x 1"", White",71.928,12,0.4,8.3916,,,,
CA-2014-155208,16-04-23,20-04-23,Standard Class,SP-20650,Stephanie Phelps,Corporate,United States,Wilmington,North Carolina,28403,South,OFF-AR-10003478,Office Supplies,Art,"Avery Hi-Liter EverBold Pen Style Fluorescent Highlighters, 4/Pack",39.072,6,0.2,9.768,,,,
CA-2014-113887,05-04-23,07-04-23,First Class,TH-21550,Tracy Hopkins,Home Office,United States,New York City,New York,10035,East,OFF-PA-10004071,Office Supplies,Paper,"Eaton Premium Continuous-Feed Paper, 25% Cotton, Letter Size, White, 1000 Shts/Box",55.48,1,0,26.6304,,,,
CA-2014-136742,06-04-23,10-04-23,Standard Class,GP-14740,Guy Phonely,Corporate,United States,Lancaster,Pennsylvania,17602,East,OFF-BI-10003719,Office Supplies,Binders,Large Capacity Hanging Post Binders,44.91,6,0.7,-35.928,,,,
CA-2014-134061,29-04-23,04-05-23,Standard Class,LL-16840,Lauren Leatherbury,Consumer,United States,Rochester,New York,14609,East,FUR-FU-10001424,Furniture,Furnishings,Dax Clear Box Frame,17.46,2,0,5.9364,,,,
CA-2014-158064,21-04-23,25-04-23,Standard Class,AA-10375,Allen Armold,Consumer,United States,Los Angeles,California,90008,West,OFF-BI-10002976,Office Supplies,Binders,ACCOHIDE Binder by Acco,16.52,5,0.2,5.5755,,,,
US-2014-157021,01-04-23,06-04-23,Second Class,KM-16720,Kunst Miller,Consumer,United States,Vallejo,California,94591,West,OFF-LA-10002312,Office Supplies,Labels,Avery 490,29.6,2,0,14.8,,,,
US-2014-157021,01-04-23,06-04-23,Second Class,KM-16720,Kunst Miller,Consumer,United States,Vallejo,California,94591,West,OFF-BI-10000042,Office Supplies,Binders,"Pressboard Data Binder, Crimson, 12"" X 8 1/2""",17.088,4,0.2,5.5536,,,,
US-2014-118486,06-04-23,08-04-23,First Class,SD-20485,Shirley Daniels,Home Office,United States,Philadelphia,Pennsylvania,19143,East,OFF-SU-10004498,Office Supplies,Supplies,Martin-Yale Premier Letter Opener,10.304,1,0.2,-2.1896,,,,
US-2014-118486,06-04-23,08-04-23,First Class,SD-20485,Shirley Daniels,Home Office,United States,Philadelphia,Pennsylvania,19143,East,FUR-TA-10001039,Furniture,Tables,KI Adjustable-Height Table,154.764,3,0.4,-36.1116,,,,
US-2014-118486,06-04-23,08-04-23,First Class,SD-20485,Shirley Daniels,Home Office,United States,Philadelphia,Pennsylvania,19143,East,TEC-AC-10004659,Technology,Accessories,Imation Secure+ Hardware Encrypted USB 2.0 Flash Drive; 16GB,116.784,2,0.2,21.897,,,,
US-2014-112564,23-04-23,24-04-23,First Class,TS-21160,Theresa Swint,Corporate,United States,Philadelphia,Pennsylvania,19134,East,OFF-BI-10004876,Office Supplies,Binders,Wilson Jones Suede Grain Vinyl Binders,2.502,3,0.7,-1.7514,,,,
CA-2014-105172,04-04-23,09-04-23,Standard Class,PK-18910,Paul Knutson,Home Office,United States,San Francisco,California,94109,West,OFF-LA-10001641,Office Supplies,Labels,Avery 518,18.9,6,0,9.072,,,,
US-2014-157406,25-04-23,29-04-23,Standard Class,DA-13450,Dianna Arnett,Home Office,United States,Houston,Texas,77095,Central,OFF-PA-10003543,Office Supplies,Paper,Xerox 1985,10.368,2,0.2,3.6288,,,,
US-2014-157406,25-04-23,29-04-23,Standard Class,DA-13450,Dianna Arnett,Home Office,United States,Houston,Texas,77095,Central,OFF-AR-10002221,Office Supplies,Art,12 Colored Short Pencils,6.24,3,0.2,0.546,,,,
CA-2014-118976,28-04-23,03-05-23,Standard Class,MY-18295,Muhammed Yedwab,Corporate,United States,Baltimore,Maryland,21215,East,OFF-BI-10001628,Office Supplies,Binders,"Acco Data Flex Cable Posts For Top & Bottom Load Binders, 6"" Capacity",20.86,2,0,9.387,,,,
CA-2014-118976,28-04-23,03-05-23,Standard Class,MY-18295,Muhammed Yedwab,Corporate,United States,Baltimore,Maryland,21215,East,OFF-ST-10000877,Office Supplies,Storage,Recycled Steel Personal File for Standard File Folders,497.61,9,0,129.3786,,,,
CA-2014-118976,28-04-23,03-05-23,Standard Class,MY-18295,Muhammed Yedwab,Corporate,United States,Baltimore,Maryland,21215,East,OFF-AR-10004752,Office Supplies,Art,Blackstonian Pencils,5.34,2,0,1.4952,,,,
CA-2014-118976,28-04-23,03-05-23,Standard Class,MY-18295,Muhammed Yedwab,Corporate,United States,Baltimore,Maryland,21215,East,OFF-LA-10000452,Office Supplies,Labels,Avery 488,3.15,1,0,1.512,,,,
CA-2014-147298,26-04-23,03-05-23,Standard Class,AG-10300,Aleksandra Gannaway,Corporate,United States,Los Angeles,California,90049,West,FUR-CH-10004886,Furniture,Chairs,Bevis Steel Folding Chairs,230.28,3,0.2,23.028,,,,
CA-2014-147298,26-04-23,03-05-23,Standard Class,AG-10300,Aleksandra Gannaway,Corporate,United States,Los Angeles,California,90049,West,OFF-BI-10001525,Office Supplies,Binders,"Acco Pressboard Covers with Storage Hooks, 14 7/8"" x 11"", Executive Red",18.288,6,0.2,5.715,,,,
CA-2014-110100,25-04-23,29-04-23,Standard Class,LC-16885,Lena Creighton,Consumer,United States,Wilmington,North Carolina,28403,South,TEC-PH-10004531,Technology,Phones,AT&T CL2909,302.376,3,0.2,37.797,,,,
CA-2014-154599,12-04-23,17-04-23,Standard Class,KN-16450,Kean Nguyen,Corporate,United States,Redondo Beach,California,90278,West,TEC-PH-10001557,Technology,Phones,Pyle PMP37LED,1075.088,14,0.2,94.0702,,,,
CA-2014-154599,12-04-23,17-04-23,Standard Class,KN-16450,Kean Nguyen,Corporate,United States,Redondo Beach,California,90278,West,TEC-PH-10000576,Technology,Phones,AT&T 1080 Corded phone,438.368,4,0.2,38.3572,,,,
CA-2014-154599,12-04-23,17-04-23,Standard Class,KN-16450,Kean Nguyen,Corporate,United States,Redondo Beach,California,90278,West,OFF-BI-10002764,Office Supplies,Binders,Recycled Pressboard Report Cover with Reinforced Top Hinge,18.088,7,0.2,6.5569,,,,
CA-2014-154599,12-04-23,17-04-23,Standard Class,KN-16450,Kean Nguyen,Corporate,United States,Redondo Beach,California,90278,West,FUR-BO-10001337,Furniture,Bookcases,O'Sullivan Living Dimensions 2-Shelf Bookcases,308.499,3,0.15,-18.147,,,,
CA-2014-142727,29-04-23,01-05-23,Second Class,HG-14845,Harry Greene,Consumer,United States,Lake Charles,Louisiana,70601,South,FUR-CH-10002304,Furniture,Chairs,"Global Stack Chair without Arms, Black",51.96,2,0,12.99,,,,
CA-2014-142727,29-04-23,01-05-23,Second Class,HG-14845,Harry Greene,Consumer,United States,Lake Charles,Louisiana,70601,South,OFF-BI-10000136,Office Supplies,Binders,Avery Non-Stick Heavy Duty View Round Locking Ring Binders,17.94,3,0,8.6112,,,,
CA-2014-102988,05-04-23,09-04-23,Second Class,GM-14695,Greg Maxwell,Corporate,United States,Alexandria,Virginia,22304,South,OFF-AR-10004757,Office Supplies,Art,Crayola Colored Pencils,22.96,7,0,7.5768,,,,
CA-2014-102988,05-04-23,09-04-23,Second Class,GM-14695,Greg Maxwell,Corporate,United States,Alexandria,Virginia,22304,South,TEC-PH-10001615,Technology,Phones,AT&T CL82213,28.99,1,0,8.4071,,,,
CA-2014-102988,05-04-23,09-04-23,Second Class,GM-14695,Greg Maxwell,Corporate,United States,Alexandria,Virginia,22304,South,OFF-PA-10003349,Office Supplies,Paper,Xerox 1957,12.96,2,0,6.3504,,,,
CA-2014-102988,05-04-23,09-04-23,Second Class,GM-14695,Greg Maxwell,Corporate,United States,Alexandria,Virginia,22304,South,OFF-AR-10000127,Office Supplies,Art,Newell 321,22.96,7,0,6.6584,,,,
CA-2014-102988,05-04-23,09-04-23,Second Class,GM-14695,Greg Maxwell,Corporate,United States,Alexandria,Virginia,22304,South,OFF-SU-10002881,Office Supplies,Supplies,Martin Yale Chadless Opener Electric Letter Opener,4164.05,5,0,83.281,,,,
US-2014-150119,23-04-23,27-04-23,Standard Class,LB-16795,Laurel Beltran,Home Office,United States,Columbus,Ohio,43229,East,FUR-CH-10002965,Furniture,Chairs,"Global Leather Highback Executive Chair with Pneumatic Height Adjustment, Black",281.372,2,0.3,-12.0588,,,,
US-2014-150119,23-04-23,27-04-23,Standard Class,LB-16795,Laurel Beltran,Home Office,United States,Columbus,Ohio,43229,East,FUR-CH-10002965,Furniture,Chairs,"Global Leather Highback Executive Chair with Pneumatic Height Adjustment, Black",281.372,2,0.3,-12.0588,,,,
US-2014-150119,23-04-23,27-04-23,Standard Class,LB-16795,Laurel Beltran,Home Office,United States,Columbus,Ohio,43229,East,OFF-BI-10000145,Office Supplies,Binders,Zipper Ring Binder Pockets,7.488,8,0.7,-5.2416,,,,
US-2014-150119,23-04-23,27-04-23,Standard Class,LB-16795,Laurel Beltran,Home Office,United States,Columbus,Ohio,43229,East,FUR-FU-10002191,Furniture,Furnishings,G.E. Halogen Desk Lamp Bulbs,22.336,4,0.2,7.8176,,,,
CA-2014-124023,07-04-23,10-04-23,First Class,PJ-19015,Pauline Johnson,Consumer,United States,Mobile,Alabama,36608,South,FUR-FU-10004415,Furniture,Furnishings,"Stacking Tray, Side-Loading, Legal, Smoke",8.96,2,0,2.7776,,,,
CA-2014-110849,18-04-23,23-04-23,Standard Class,JL-15835,John Lee,Consumer,United States,Los Angeles,California,90049,West,TEC-MA-10002859,Technology,Machines,Ativa MDM8000 8-Sheet Micro-Cut Shredder,287.968,4,0.2,97.1892,,,,
CA-2014-110849,18-04-23,23-04-23,Standard Class,JL-15835,John Lee,Consumer,United States,Los Angeles,California,90049,West,OFF-AR-10002375,Office Supplies,Art,Newell 351,13.12,4,0,3.8048,,,,
CA-2014-110849,18-04-23,23-04-23,Standard Class,JL-15835,John Lee,Consumer,United States,Los Angeles,California,90049,West,OFF-AR-10000657,Office Supplies,Art,"Binney & Smith inkTank Desk Highlighter, Chisel Tip, Yellow, 12/Box",10.75,5,0,3.5475,,,,
CA-2014-110849,18-04-23,23-04-23,Standard Class,JL-15835,John Lee,Consumer,United States,Los Angeles,California,90049,West,OFF-FA-10000134,Office Supplies,Fasteners,"Advantus Push Pins, Aluminum Head",11.62,2,0,3.6022,,,,
CA-2014-140228,28-04-23,03-05-23,Standard Class,GB-14530,George Bell,Corporate,United States,Newark,Ohio,43055,East,OFF-LA-10001613,Office Supplies,Labels,Avery File Folder Labels,6.912,3,0.2,2.5056,,,,
CA-2014-140228,28-04-23,03-05-23,Standard Class,GB-14530,George Bell,Corporate,United States,Newark,Ohio,43055,East,OFF-ST-10002214,Office Supplies,Storage,X-Rack File for Hanging Folders,27.096,3,0.2,2.0322,,,,
CA-2014-140228,28-04-23,03-05-23,Standard Class,GB-14530,George Bell,Corporate,United States,Newark,Ohio,43055,East,OFF-ST-10001128,Office Supplies,Storage,"Carina Mini System Audio Rack, Model AR050B",177.568,2,0.2,-37.7332,,,,
US-2014-102715,11-04-23,13-04-23,Second Class,JK-15370,Jay Kimmel,Consumer,United States,Miami,Florida,33180,South,OFF-FA-10001332,Office Supplies,Fasteners,"Acco Banker's Clasps, 5 3/4""-Long",6.912,3,0.2,2.3328,,,,
US-2014-102715,11-04-23,13-04-23,Second Class,JK-15370,Jay Kimmel,Consumer,United States,Miami,Florida,33180,South,TEC-AC-10002001,Technology,Accessories,Logitech Wireless Gaming Headset G930,383.976,3,0.2,81.5949,,,,
US-2014-102715,11-04-23,13-04-23,Second Class,JK-15370,Jay Kimmel,Consumer,United States,Miami,Florida,33180,South,OFF-PA-10000029,Office Supplies,Paper,Xerox 224,10.368,2,0.2,3.6288,,,,
US-2014-102715,11-04-23,13-04-23,Second Class,JK-15370,Jay Kimmel,Consumer,United States,Miami,Florida,33180,South,TEC-AC-10001874,Technology,Accessories,Logitech Wireless Anywhere Mouse MX for PC and Mac,335.944,7,0.2,41.993,,,,
CA-2014-100363,08-04-23,15-04-23,Standard Class,JM-15655,Jim Mitchum,Corporate,United States,Glendale,Arizona,85301,West,OFF-FA-10000611,Office Supplies,Fasteners,Binder Clips by OIC,2.368,2,0.2,0.8288,,,,
CA-2014-100363,08-04-23,15-04-23,Standard Class,JM-15655,Jim Mitchum,Corporate,United States,Glendale,Arizona,85301,West,OFF-PA-10004733,Office Supplies,Paper,Things To Do Today Spiral Book,19.008,3,0.2,6.8904,,,,
CA-2014-151001,05-04-23,07-04-23,First Class,JG-15805,John Grady,Corporate,United States,Decatur,Illinois,62521,Central,OFF-ST-10003455,Office Supplies,Storage,"Tenex File Box, Personal Filing Tote with Lid, Black",49.632,4,0.2,3.7224,,,,
CA-2014-151001,05-04-23,07-04-23,First Class,JG-15805,John Grady,Corporate,United States,Decatur,Illinois,62521,Central,OFF-ST-10001031,Office Supplies,Storage,Adjustable Personal File Tote,52.096,4,0.2,3.9072,,,,
CA-2014-133228,04-04-23,09-04-23,Standard Class,MS-17710,Maurice Satty,Consumer,United States,Detroit,Michigan,48205,Central,FUR-FU-10004020,Furniture,Furnishings,Advantus Panel Wall Acrylic Frame,5.47,1,0,2.3521,,,,
CA-2014-133228,04-04-23,09-04-23,Standard Class,MS-17710,Maurice Satty,Consumer,United States,Detroit,Michigan,48205,Central,OFF-AR-10001955,Office Supplies,Art,Newell 319,79.36,4,0,23.808,,,,
CA-2014-128846,07-04-23,12-04-23,Standard Class,RS-19765,Roland Schwarz,Corporate,United States,Columbia,South Carolina,29203,South,TEC-PH-10003273,Technology,Phones,AT&T TR1909W,629.95,5,0,163.787,,,,
CA-2014-128846,07-04-23,12-04-23,Standard Class,RS-19765,Roland Schwarz,Corporate,United States,Columbia,South Carolina,29203,South,OFF-PA-10000100,Office Supplies,Paper,Xerox 1945,122.97,3,0,60.2553,,,,
CA-2014-166954,25-04-23,30-04-23,Standard Class,BT-11305,Beth Thompson,Home Office,United States,San Gabriel,California,91776,West,FUR-FU-10003708,Furniture,Furnishings,"Tenex Traditional Chairmats for Medium Pile Carpet, Standard Lip, 36"" x 48""",303.25,5,0,63.6825,,,,
CA-2014-166954,25-04-23,30-04-23,Standard Class,BT-11305,Beth Thompson,Home Office,United States,San Gabriel,California,91776,West,OFF-AP-10001391,Office Supplies,Appliances,Kensington 6 Outlet MasterPiece HOMEOFFICE Power Control Center,270.72,3,0,78.5088,,,,
CA-2014-166954,25-04-23,30-04-23,Standard Class,BT-11305,Beth Thompson,Home Office,United States,San Gabriel,California,91776,West,FUR-CH-10003973,Furniture,Chairs,GuestStacker Chair with Chrome Finish Legs,1487.04,5,0.2,148.704,,,,
CA-2014-169460,19-04-23,21-04-23,Second Class,NF-18595,Nicole Fjeld,Home Office,United States,San Jose,California,95123,West,FUR-FU-10004017,Furniture,Furnishings,"Executive Impressions 13"" Chairman Wall Clock",76.14,3,0,26.649,,,,
US-2014-121734,11-04-23,16-04-23,Standard Class,SE-20110,Sanjit Engle,Consumer,United States,Lewiston,Idaho,83501,West,OFF-BI-10004817,Office Supplies,Binders,GBC Personal VeloBind Strips,9.584,1,0.2,3.3544,,,,
US-2014-128685,04-04-23,05-04-23,First Class,MZ-17515,Mary Zewe,Corporate,United States,Los Angeles,California,90008,West,OFF-BI-10004140,Office Supplies,Binders,Avery Non-Stick Binders,7.184,2,0.2,2.245,,,,
CA-2014-138940,11-04-23,16-04-23,Second Class,GM-14455,Gary Mitchum,Home Office,United States,Austin,Texas,78745,Central,TEC-PH-10001835,Technology,Phones,Jawbone JAMBOX Wireless Bluetooth Speaker,758.352,6,0.2,265.4232,,,,
CA-2014-156006,30-04-23,02-05-23,Second Class,TM-21010,Tamara Manning,Consumer,United States,Jackson,Mississippi,39212,South,TEC-AC-10002550,Technology,Accessories,Maxell 4.7GB DVD-RW 3/Pack,47.79,3,0,16.2486,,,,
CA-2014-169803,06-04-23,12-04-23,Standard Class,SC-20260,Scott Cohen,Corporate,United States,Seattle,Washington,98115,West,FUR-TA-10000688,Furniture,Tables,"Chromcraft Bull-Nose Wood Round Conference Table Top, Wood Base",653.55,3,0,111.1035,,,,
CA-2014-169803,06-04-23,12-04-23,Standard Class,SC-20260,Scott Cohen,Corporate,United States,Seattle,Washington,98115,West,TEC-AC-10003441,Technology,Accessories,Kingston Digital DataTraveler 32GB USB 2.0,33.9,2,0,2.034,,,,
CA-2014-134572,20-04-23,22-04-23,Second Class,SV-20365,Seth Vernon,Consumer,United States,Houston,Texas,77070,Central,FUR-TA-10001705,Furniture,Tables,Bush Advantage Collection Round Conference Table,744.1,5,0.3,-95.67,,,,
CA-2014-134572,20-04-23,22-04-23,Second Class,SV-20365,Seth Vernon,Consumer,United States,Houston,Texas,77070,Central,OFF-ST-10004634,Office Supplies,Storage,"Personal Folder Holder, Ebony",44.84,5,0.2,5.605,,,,
CA-2014-134572,20-04-23,22-04-23,Second Class,SV-20365,Seth Vernon,Consumer,United States,Houston,Texas,77070,Central,FUR-TA-10004442,Furniture,Tables,Riverside Furniture Stanwyck Manor Table Series,401.59,2,0.3,-131.951,,,,
CA-2014-149538,04-04-23,08-04-23,Standard Class,KB-16585,Ken Black,Corporate,United States,Lafayette,Louisiana,70506,South,OFF-ST-10004180,Office Supplies,Storage,Safco Commercial Shelving,232.55,5,0,9.302,,,,
CA-2014-149538,04-04-23,08-04-23,Standard Class,KB-16585,Ken Black,Corporate,United States,Lafayette,Louisiana,70506,South,TEC-AC-10002926,Technology,Accessories,Logitech Wireless Marathon Mouse M705,99.98,2,0,42.9914,,,,
CA-2014-149538,04-04-23,08-04-23,Standard Class,KB-16585,Ken Black,Corporate,United States,Lafayette,Louisiana,70506,South,OFF-PA-10003797,Office Supplies,Paper,Xerox 209,19.44,3,0,9.3312,,,,
CA-2014-149538,04-04-23,08-04-23,Standard Class,KB-16585,Ken Black,Corporate,United States,Lafayette,Louisiana,70506,South,OFF-PA-10002195,Office Supplies,Paper,Xerox 1966,12.96,2,0,6.3504,,,,
CA-2014-164315,02-04-23,08-04-23,Standard Class,RD-19585,Rob Dowd,Consumer,United States,Athens,Georgia,30605,South,OFF-PA-10004248,Office Supplies,Paper,Xerox 1990,15.84,3,0,7.128,,,,
CA-2014-164315,02-04-23,08-04-23,Standard Class,RD-19585,Rob Dowd,Consumer,United States,Athens,Georgia,30605,South,TEC-PH-10001128,Technology,Phones,Motorola Droid Maxx,1049.93,7,0,293.9804,,,,
CA-2014-164315,02-04-23,08-04-23,Standard Class,RD-19585,Rob Dowd,Consumer,United States,Athens,Georgia,30605,South,OFF-AP-10003842,Office Supplies,Appliances,Euro-Pro Shark Turbo Vacuum,154.9,5,0,40.274,,,,
US-2014-118997,08-04-23,12-04-23,Standard Class,RA-19885,Ruben Ausman,Corporate,United States,Decatur,Alabama,35601,South,FUR-TA-10001086,Furniture,Tables,"SAFCO PlanMaster Boards, 60w x 37-1/2d, White Melamine",1215.92,8,0,316.1392,,,,
CA-2014-102652,06-04-23,12-04-23,Standard Class,AY-10555,Andy Yotov,Corporate,United States,Los Angeles,California,90049,West,FUR-FU-10000747,Furniture,Furnishings,Tenex B1-RE Series Chair Mats for Low Pile Carpets,91.96,2,0,15.6332,,,,
CA-2014-102652,06-04-23,12-04-23,Standard Class,AY-10555,Andy Yotov,Corporate,United States,Los Angeles,California,90049,West,FUR-FU-10001918,Furniture,Furnishings,C-Line Cubicle Keepers Polyproplyene Holder With Velcro Backings,33.11,7,0,12.9129,,,,
CA-2014-102652,06-04-23,12-04-23,Standard Class,AY-10555,Andy Yotov,Corporate,United States,Los Angeles,California,90049,West,OFF-PA-10003309,Office Supplies,Paper,Xerox 211,19.44,3,0,9.3312,,,,
CA-2014-102652,06-04-23,12-04-23,Standard Class,AY-10555,Andy Yotov,Corporate,United States,Los Angeles,California,90049,West,OFF-PA-10001977,Office Supplies,Paper,Xerox 194,55.48,1,0,26.6304,,,,
CA-2014-165806,07-04-23,07-04-23,Same Day,VM-21685,Valerie Mitchum,Home Office,United States,Marietta,Georgia,30062,South,OFF-PA-10003441,Office Supplies,Paper,Xerox 226,58.32,9,0,27.9936,,,,
CA-2014-165806,07-04-23,07-04-23,Same Day,VM-21685,Valerie Mitchum,Home Office,United States,Marietta,Georgia,30062,South,TEC-PH-10004922,Technology,Phones,RCA Visys Integrated PBX 8-Line Router,200.97,3,0,50.2425,,,,
CA-2014-107811,29-04-23,03-05-23,Standard Class,LA-16780,Laura Armstrong,Corporate,United States,Memphis,Tennessee,38109,South,FUR-CH-10001394,Furniture,Chairs,Global Leather Executive Chair,561.584,2,0.2,70.198,,,,
CA-2014-107811,29-04-23,03-05-23,Standard Class,LA-16780,Laura Armstrong,Corporate,United States,Memphis,Tennessee,38109,South,OFF-ST-10000798,Office Supplies,Storage,2300 Heavy-Duty Transfer File Systems by Perma,99.92,5,0.2,-1.249,,,,
US-2014-163797,08-04-23,13-04-23,Standard Class,PC-19000,Pauline Chand,Home Office,United States,Chandler,Arizona,85224,West,OFF-FA-10001883,Office Supplies,Fasteners,"Alliance Super-Size Bands, Assorted Sizes",49.792,8,0.2,-11.8256,,,,
CA-2014-100678,18-04-23,22-04-23,Standard Class,KM-16720,Kunst Miller,Consumer,United States,Houston,Texas,77095,Central,OFF-AR-10001868,Office Supplies,Art,Prang Dustless Chalk Sticks,2.688,2,0.2,1.008,,,,
CA-2014-100678,18-04-23,22-04-23,Standard Class,KM-16720,Kunst Miller,Consumer,United States,Houston,Texas,77095,Central,FUR-CH-10002602,Furniture,Chairs,DMI Arturo Collection Mission-style Design Wood Chair,317.058,3,0.3,-18.1176,,,,
CA-2014-100678,18-04-23,22-04-23,Standard Class,KM-16720,Kunst Miller,Consumer,United States,Houston,Texas,77095,Central,OFF-EN-10000056,Office Supplies,Envelopes,Cameo Buff Policy Envelopes,149.352,3,0.2,50.4063,,,,
CA-2014-100678,18-04-23,22-04-23,Standard Class,KM-16720,Kunst Miller,Consumer,United States,Houston,Texas,77095,Central,TEC-AC-10000474,Technology,Accessories,Kensington Expert Mouse Optical USB Trackball for PC or Mac,227.976,3,0.2,28.497,,,,
CA-2014-167724,13-04-23,18-04-23,Standard Class,BF-11170,Ben Ferrer,Home Office,United States,Baltimore,Maryland,21215,East,OFF-LA-10002368,Office Supplies,Labels,Avery 479,7.83,3,0,3.6018,,,,
CA-2014-101462,20-04-23,25-04-23,Standard Class,BP-11230,Benjamin Patterson,Consumer,United States,Los Angeles,California,90045,West,FUR-FU-10000409,Furniture,Furnishings,"GE 4 Foot Flourescent Tube, 40 Watt",59.92,4,0,27.5632,,,,
CA-2014-150581,08-04-23,12-04-23,Standard Class,NM-18445,Nathan Mautz,Home Office,United States,Concord,California,94521,West,FUR-TA-10003748,Furniture,Tables,Bevis 36 x 72 Conference Tables,99.592,1,0.2,2.4898,,,,
CA-2014-150581,08-04-23,12-04-23,Standard Class,NM-18445,Nathan Mautz,Home Office,United States,Concord,California,94521,West,TEC-AC-10001908,Technology,Accessories,Logitech Wireless Headset h800,399.96,4,0,139.986,,,,
CA-2014-122070,22-04-23,24-04-23,Second Class,AH-10030,Aaron Hawkins,Corporate,United States,Troy,New York,12180,East,OFF-EN-10004773,Office Supplies,Envelopes,Staple envelope,247.84,8,0,121.4416,,,,
CA-2014-122070,22-04-23,24-04-23,Second Class,AH-10030,Aaron Hawkins,Corporate,United States,Troy,New York,12180,East,OFF-BI-10004970,Office Supplies,Binders,"ACCOHIDE 3-Ring Binder, Blue, 1""",9.912,3,0.2,3.3453,,,,
CA-2014-116785,26-04-23,30-04-23,Standard Class,MH-17290,Marc Harrigan,Home Office,United States,Los Angeles,California,90036,West,OFF-AR-10003504,Office Supplies,Art,Newell 347,21.4,5,0,6.206,,,,
CA-2014-116785,26-04-23,30-04-23,Standard Class,MH-17290,Marc Harrigan,Home Office,United States,Los Angeles,California,90036,West,OFF-LA-10000305,Office Supplies,Labels,Avery 495,12.6,2,0,5.796,,,,
CA-2014-121769,08-04-23,12-04-23,Standard Class,JS-15880,John Stevenson,Consumer,United States,Toledo,Ohio,43615,East,FUR-TA-10004442,Furniture,Tables,Riverside Furniture Stanwyck Manor Table Series,172.11,1,0.4,-94.6605,,,,
US-2014-120740,15-04-23,15-04-23,Same Day,PS-18970,Paul Stevenson,Home Office,United States,Los Angeles,California,90049,West,OFF-AP-10000240,Office Supplies,Appliances,Belkin F9G930V10-GRY 9 Outlet Surge,106.96,2,0,31.0184,,,,
US-2014-120740,15-04-23,15-04-23,Same Day,PS-18970,Paul Stevenson,Home Office,United States,Los Angeles,California,90049,West,FUR-FU-10004091,Furniture,Furnishings,"Howard Miller 13"" Diameter Goldtone Round Wall Clock",187.76,4,0,76.9816,,,,
CA-2014-158470,19-04-23,23-04-23,Second Class,AG-10390,Allen Goldenen,Consumer,United States,Arlington,Virginia,22204,South,OFF-BI-10003638,Office Supplies,Binders,GBC Durable Plastic Covers,58.05,3,0,26.703,,,,
CA-2014-158470,19-04-23,23-04-23,Second Class,AG-10390,Allen Goldenen,Consumer,United States,Arlington,Virginia,22204,South,OFF-PA-10001569,Office Supplies,Paper,Xerox 232,71.28,11,0,34.2144,,,,
CA-2014-138359,01-04-23,06-04-23,Standard Class,KH-16330,Katharine Harms,Corporate,United States,Revere,Massachusetts,2151,East,OFF-ST-10000636,Office Supplies,Storage,Rogers Profile Extra Capacity Storage Tub,66.96,4,0,2.6784,,,,
CA-2014-138359,01-04-23,06-04-23,Standard Class,KH-16330,Katharine Harms,Corporate,United States,Revere,Massachusetts,2151,East,OFF-BI-10000145,Office Supplies,Binders,Zipper Ring Binder Pockets,6.24,2,0,3.0576,,,,
CA-2014-118304,29-04-23,04-05-23,Standard Class,KH-16360,Katherine Hughes,Consumer,United States,Dover,Delaware,19901,East,TEC-PH-10000376,Technology,Phones,Square Credit Card Reader,19.98,2,0,5.1948,,,,
CA-2014-110555,11-04-23,18-04-23,Standard Class,MM-18055,Michelle Moray,Consumer,United States,Great Falls,Montana,59405,West,OFF-ST-10000876,Office Supplies,Storage,Eldon Simplefile Box Office,87.08,7,0,24.3824,,,,
CA-2014-110555,11-04-23,18-04-23,Standard Class,MM-18055,Michelle Moray,Consumer,United States,Great Falls,Montana,59405,West,TEC-PH-10000586,Technology,Phones,AT&T SB67148 SynJ,105.584,2,0.2,9.2386,,,,
CA-2014-110555,11-04-23,18-04-23,Standard Class,MM-18055,Michelle Moray,Consumer,United States,Great Falls,Montana,59405,West,TEC-AC-10003399,Technology,Accessories,Memorex Mini Travel Drive 64 GB USB 2.0 Flash Drive,217.44,6,0,91.3248,,,,
CA-2014-131387,28-04-23,30-04-23,First Class,AI-10855,Arianne Irving,Consumer,United States,San Francisco,California,94122,West,TEC-PH-10001459,Technology,Phones,Samsung Galaxy Mega 6.3,1679.96,5,0.2,125.997,,,,
CA-2014-160094,30-04-23,02-05-23,First Class,JM-16195,Justin MacKendrick,Consumer,United States,Louisville,Kentucky,40214,South,OFF-AR-10004010,Office Supplies,Art,Hunt Boston Vacuum Mount KS Pencil Sharpener,174.95,5,0,45.487,,,,
CA-2014-160094,30-04-23,02-05-23,First Class,JM-16195,Justin MacKendrick,Consumer,United States,Louisville,Kentucky,40214,South,OFF-ST-10000585,Office Supplies,Storage,Economy Rollaway Files,826,5,0,214.76,,,,
US-2014-157847,02-04-23,06-04-23,Second Class,SC-20020,Sam Craven,Consumer,United States,Houston,Texas,77095,Central,OFF-PA-10002986,Office Supplies,Paper,Xerox 1898,26.72,5,0.2,9.352,,,,
US-2014-157847,02-04-23,06-04-23,Second Class,SC-20020,Sam Craven,Consumer,United States,Houston,Texas,77095,Central,OFF-PA-10001593,Office Supplies,Paper,Xerox 1947,33.488,7,0.2,10.465,,,,
CA-2014-153808,06-04-23,10-04-23,Second Class,FH-14275,Frank Hawley,Corporate,United States,Los Angeles,California,90004,West,OFF-AR-10001725,Office Supplies,Art,Boston Home & Office Model 2000 Electric Pencil Sharpeners,70.95,3,0,18.447,,,,
CA-2014-153808,06-04-23,10-04-23,Second Class,FH-14275,Frank Hawley,Corporate,United States,Los Angeles,California,90004,West,OFF-BI-10002794,Office Supplies,Binders,"Avery Trapezoid Ring Binder, 3"" Capacity, Black, 1040 sheets",65.568,2,0.2,23.7684,,,,
CA-2014-153808,06-04-23,10-04-23,Second Class,FH-14275,Frank Hawley,Corporate,United States,Los Angeles,California,90004,West,TEC-AC-10004171,Technology,Accessories,Razer Kraken 7.1 Surround Sound Over Ear USB Gaming Headset,299.97,3,0,131.9868,,,,
CA-2014-160276,02-04-23,08-04-23,Standard Class,AH-10690,Anna Häberlin,Corporate,United States,Virginia Beach,Virginia,23464,South,FUR-FU-10003192,Furniture,Furnishings,Luxo Adjustable Task Clamp Lamp,177.68,2,0,46.1968,,,,
CA-2014-132983,28-04-23,03-05-23,Standard Class,DS-13180,David Smith,Corporate,United States,Jamestown,New York,14701,East,TEC-AC-10000736,Technology,Accessories,Logitech G600 MMO Gaming Mouse,159.98,2,0,57.5928,,,,
CA-2014-136336,21-04-23,26-04-23,Standard Class,DB-13555,Dorothy Badders,Corporate,United States,Henderson,Kentucky,42420,South,OFF-ST-10002574,Office Supplies,Storage,"SAFCO Commercial Wire Shelving, Black",828.84,6,0,0,,,,
US-2014-158365,12-04-23,17-04-23,Standard Class,SV-20785,Stewart Visinsky,Consumer,United States,Bloomington,Indiana,47401,Central,OFF-PA-10000289,Office Supplies,Paper,Xerox 213,32.4,5,0,15.552,,,,
CA-2014-111857,23-04-23,26-04-23,Second Class,NM-18445,Nathan Mautz,Home Office,United States,San Francisco,California,94109,West,OFF-PA-10001878,Office Supplies,Paper,Xerox 1891,48.91,1,0,22.9877,,,,
CA-2014-149104,05-04-23,07-04-23,Second Class,RD-19900,Ruben Dartt,Consumer,United States,Dearborn Heights,Michigan,48127,Central,OFF-AR-10002952,Office Supplies,Art,Stanley Contemporary Battery Pencil Sharpeners,26.7,2,0,7.476,,,,
CA-2014-149104,05-04-23,07-04-23,Second Class,RD-19900,Ruben Dartt,Consumer,United States,Dearborn Heights,Michigan,48127,Central,OFF-BI-10004209,Office Supplies,Binders,"Fellowes Twister Kit, Gray/Clear, 3/pkg",40.2,5,0,18.09,,,,
CA-2014-149104,05-04-23,07-04-23,Second Class,RD-19900,Ruben Dartt,Consumer,United States,Dearborn Heights,Michigan,48127,Central,OFF-AR-10004685,Office Supplies,Art,"Binney & Smith Crayola Metallic Colored Pencils, 8-Color Set",13.89,3,0,4.5837,,,,
CA-2014-149104,05-04-23,07-04-23,Second Class,RD-19900,Ruben Dartt,Consumer,United States,Dearborn Heights,Michigan,48127,Central,OFF-ST-10000991,Office Supplies,Storage,Space Solutions HD Industrial Steel Shelving.,689.82,6,0,20.6946,,,,
CA-2014-142979,12-04-23,18-04-23,Standard Class,EH-13765,Edward Hooks,Corporate,United States,Lodi,California,95240,West,OFF-AR-10002987,Office Supplies,Art,Prismacolor Color Pencil Set,39.68,2,0,16.2688,,,,
CA-2014-112291,03-04-23,08-04-23,Standard Class,KE-16420,Katrina Edelman,Corporate,United States,Los Angeles,California,90008,West,OFF-EN-10001415,Office Supplies,Envelopes,Staple envelope,11.16,2,0,5.58,,,,
CA-2014-112291,03-04-23,08-04-23,Standard Class,KE-16420,Katrina Edelman,Corporate,United States,Los Angeles,California,90008,West,TEC-AC-10001284,Technology,Accessories,Enermax Briskie RF Wireless Keyboard and Mouse Combo,62.31,3,0,22.4316,,,,
CA-2014-112291,03-04-23,08-04-23,Standard Class,KE-16420,Katrina Edelman,Corporate,United States,Los Angeles,California,90008,West,TEC-AC-10000736,Technology,Accessories,Logitech G600 MMO Gaming Mouse,159.98,2,0,57.5928,,,,
US-2014-157231,05-04-23,09-04-23,Standard Class,RP-19855,Roy Phan,Corporate,United States,Richmond,Kentucky,40475,South,OFF-BI-10002852,Office Supplies,Binders,Ibico Standard Transparent Covers,115.36,7,0,56.5264,,,,
